ni_dict,ng_dict,Tm,Tb,rho,RED,Cp,molarvol,sol1,sol2,sol3,T_b,T_c,P_c,T_avgr,W,Cp0,total_groups,num_group_types,molecule_type,sample_id
"{'CH (cyclic)': 6, 'N (cyclic)': 5, 'CO (cyclic)': 1, 'CH2 (cyclic)': 2, 'C (cyclic)': 3, 'O (cyclic)': 8}","{'CH3-': 0, 'CH2-': 0, '>CH-': 0, '>C<': 0, 'CH2=': 0, 'CH=': 0, '>C=': 0, 'C==': 0, 'ring-CH2-': 2, 'ring>CH-': 6, 'ring>C<': 0, 'ring=CH-': 0, 'ring=C<': 0, 'Br-': 0, 'alc-OH': 0, 'phe-OH': 0, 'O-': 0, 'ring-O-': 8, '>C=O': 0, 'ring>C=O': 1, 'O=CH-': 0, 'COOH': 0, 'COO-': 0, 'O=': 0, 'NH2-': 0, '>NH': 0, 'ring>NH': 0, '>N-': 0, 'N=': 0, 'ring-N=': 5, 'NH=': 0, 'NO2-': 0, 'ring-S-': 0}",1.1301350473809766,1.0743252534043861,0.04704620407702405,18.12087582780873,472.04479486808646,21.255699999999997,-26.8542,2.891299999999998,12.032300000000001,1015.6600000000001,1241.619168411241,0.09680000000000001,0.2843061777563357,7.624116902489149,392.96110470783435,25.0,6,cyclic,1
"{'NH2 except as above': 3, '-Br except as above': 1, 'CHNH': 2}","{'CH3-': 0, 'CH2-': 0, '>CH-': 2, '>C<': 0, 'CH2=': 0, 'CH=': 0, '>C=': 0, 'C==': 0, 'ring-CH2-': 0, 'ring>CH-': 0, 'ring>C<': 0, 'ring=CH-': 0, 'ring=C<': 0, 'Br-': 1, 'alc-OH': 0, 'phe-OH': 0, 'O-': 0, 'ring-O-': 0, '>C=O': 0, 'ring>C=O': 0, 'O=CH-': 0, 'COOH': 0, 'COO-': 0, 'O=': 0, 'NH2-': 3, '>NH': 2, 'ring>NH': 0, '>N-': 0, 'N=': 0, 'ring-N=': 0, 'NH=': 0, 'NO2-': 0, 'ring-S-': 0}",1.1182432162511737,1.0381976458364681,0.04802981691033794,5.190740773417806,234.2122643114446,20.8204,21.484499999999997,13.1221,25.6474,628.5699999999999,831.6948277915238,0.0808,0.4244345259875591,5.123552707586208,221.6559203445344,6.0,3,acyclic,3
"{'CO (cyclic)': 7, 'CH (cyclic)': 7, 'N (cyclic)': 3, 'O (cyclic)': 6, 'C (cyclic)': 2, 'CH2 (cyclic)': 5}","{'CH3-': 0, 'CH2-': 0, '>CH-': 0, '>C<': 0, 'CH2=': 0, 'CH=': 0, '>C=': 0, 'C==': 0, 'ring-CH2-': 5, 'ring>CH-': 7, 'ring>C<': 0, 'ring=CH-': 0, 'ring=C<': 0, 'Br-': 0, 'alc-OH': 0, 'phe-OH': 0, 'O-': 0, 'ring-O-': 6, '>C=O': 0, 'ring>C=O': 7, 'O=CH-': 0, 'COOH': 0, 'COO-': 0, 'O=': 0, 'NH2-': 0, '>NH': 0, 'ring>NH': 0, '>N-': 0, 'N=': 0, 'ring-N=': 3, 'NH=': 0, 'NO2-': 0, 'ring-S-': 0}",1.2776874889566185,1.129148074900833,0.04709228675435251,9.031407857256278,8171.5066705140935,21.2349,8.166299999999996,37.953199999999995,28.338600000000003,1511.17,1529.752670565697,0.11610000000000001,0.23075625674146522,135.29553059556378,608.6312281370344,30.0,6,cyclic,5
"{'O (cyclic)': 3, 'C (cyclic)': 6, 'NH (cyclic)': 4}","{'CH3-': 0, 'CH2-': 0, '>CH-': 0, '>C<': 0, 'CH2=': 0, 'CH=': 0, '>C=': 0, 'C==': 0, 'ring-CH2-': 0, 'ring>CH-': 0, 'ring>C<': 0, 'ring=CH-': 0, 'ring=C<': 0, 'Br-': 0, 'alc-OH': 0, 'phe-OH': 0, 'O-': 0, 'ring-O-': 3, '>C=O': 0, 'ring>C=O': 0, 'O=CH-': 0, 'COOH': 0, 'COO-': 0, 'O=': 0, 'NH2-': 0, '>NH': 0, 'ring>NH': 4, '>N-': 0, 'N=': 0, 'ring-N=': 0, 'NH=': 0, 'NO2-': 0, 'ring-S-': 0}",1.156799027232116,1.029738874668453,0.04631838330314919,19.0989332876978,134.32986446381204,21.589699999999997,-29.2781,4.025400000000001,6.2446,503.14,759.3981444447295,0.0754,0.4648417994991454,3.0758360395584154,131.7831483406344,13.0,3,cyclic,6
"{'O (cyclic)': 2, 'C (cyclic)': 7, 'CH (cyclic)': 7}","{'CH3-': 0, 'CH2-': 0, '>CH-': 0, '>C<': 0, 'CH2=': 0, 'CH=': 0, '>C=': 0, 'C==': 0, 'ring-CH2-': 0, 'ring>CH-': 7, 'ring>C<': 0, 'ring=CH-': 0, 'ring=C<': 0, 'Br-': 0, 'alc-OH': 0, 'phe-OH': 0, 'O-': 0, 'ring-O-': 2, '>C=O': 0, 'ring>C=O': 0, 'O=CH-': 0, 'COOH': 0, 'COO-': 0, 'O=': 0, 'NH2-': 0, '>NH': 0, 'ring>NH': 0, '>N-': 0, 'N=': 0, 'ring-N=': 0, 'NH=': 0, 'NO2-': 0, 'ring-S-': 0}",1.018993130000538,1.008198830749127,0.04596792358292384,45.62628685862633,144.12821194401837,21.754299999999997,-89.1886,-34.404900000000005,-16.445999999999998,413.1,602.7797030605917,0.12940000000000002,0.5856202493343016,3.4662553986045324,197.6612311288344,16.0,3,cyclic,7
"{'N (cyclic)': 3, 'C (cyclic)': 3, 'CO (cyclic)': 3, 'NH (cyclic)': 4, 'CH (cyclic)': 8, 'CH2 (cyclic)': 5}","{'CH3-': 0, 'CH2-': 0, '>CH-': 0, '>C<': 0, 'CH2=': 0, 'CH=': 0, '>C=': 0, 'C==': 0, 'ring-CH2-': 5, 'ring>CH-': 8, 'ring>C<': 0, 'ring=CH-': 0, 'ring=C<': 0, 'Br-': 0, 'alc-OH': 0, 'phe-OH': 0, 'O-': 0, 'ring-O-': 0, '>C=O': 0, 'ring>C=O': 3, 'O=CH-': 0, 'COOH': 0, 'COO-': 0, 'O=': 0, 'NH2-': 0, '>NH': 0, 'ring>NH': 4, '>N-': 0, 'N=': 0, 'ring-N=': 3, 'NH=': 0, 'NO2-': 0, 'ring-S-': 0}",1.2309250759822057,1.0960653250521282,0.04687331549022457,17.603358012826703,797.954272931064,21.3341,-25.4827,-3.0183,10.949399999999999,1177.03,1332.3266618710168,0.09409999999999999,0.26495003823182073,12.973392237634714,483.8335733566345,26.0,6,cyclic,8
"{'N (cyclic)': 8, 'C (cyclic)': 5}","{'CH3-': 0, 'CH2-': 0, '>CH-': 0, '>C<': 0, 'CH2=': 0, 'CH=': 0, '>C=': 0, 'C==': 0, 'ring-CH2-': 0, 'ring>CH-': 0, 'ring>C<': 0, 'ring=CH-': 0, 'ring=C<': 0, 'Br-': 0, 'alc-OH': 0, 'phe-OH': 0, 'O-': 0, 'ring-O-': 0, '>C=O': 0, 'ring>C=O': 0, 'O=CH-': 0, 'COOH': 0, 'COO-': 0, 'O=': 0, 'NH2-': 0, '>NH': 0, 'ring>NH': 0, '>N-': 0, 'N=': 0, 'ring-N=': 8, 'NH=': 0, 'NO2-': 0, 'ring-S-': 0}",1.0364248173141224,1.0285797567780939,0.04663309084126096,39.875899937945256,152.79102565111535,21.444,-76.58169999999998,-18.0626,-18.572499999999998,658.5999999999999,1013.8234660262922,0.07780000000000001,0.3481868508958397,2.878651647708454,128.0818295836344,13.0,2,cyclic,9
"{'SO': 4, 'CH2NH2': 1, 'CH2NH': 4, 'CH': 5, 'COOH': 7}","{'CH3-': 0, 'CH2-': 5, '>CH-': 5, '>C<': 0, 'CH2=': 0, 'CH=': 0, '>C=': 0, 'C==': 0, 'ring-CH2-': 0, 'ring>CH-': 0, 'ring>C<': 0, 'ring=CH-': 0, 'ring=C<': 0, 'Br-': 0, 'alc-OH': 0, 'phe-OH': 0, 'O-': 0, 'ring-O-': 0, '>C=O': 0, 'ring>C=O': 0, 'O=CH-': 0, 'COOH': 7, 'COO-': 0, 'O=': 4, 'NH2-': 1, '>NH': 4, 'ring>NH': 0, '>N-': 0, 'N=': 0, 'ring-N=': 0, 'NH=': 0, 'NO2-': 0, 'ring-S-': 4}",1.7022346195840234,1.2448527923778414,0.0473875257077327,17.247138942099763,91.92163999716492,21.1026,36.670899999999996,37.2566,67.1793,2045.2400000000002,1374.0326215515074,0.04260000000000003,0.2569080198411922,-2.125294141851195,846.1748663494343,21.0,5,acyclic,13
"{'SO': 2, '-Br except as above': 7, 'OH': 2}","{'CH3-': 0, 'CH2-': 0, '>CH-': 0, '>C<': 0, 'CH2=': 0, 'CH=': 0, '>C=': 0, 'C==': 0, 'ring-CH2-': 0, 'ring>CH-': 0, 'ring>C<': 0, 'ring=CH-': 0, 'ring=C<': 0, 'Br-': 7, 'alc-OH': 2, 'phe-OH': 0, 'O-': 0, 'ring-O-': 0, '>C=O': 0, 'ring>C=O': 0, 'O=CH-': 0, 'COOH': 0, 'COO-': 0, 'O=': 2, 'NH2-': 0, '>NH': 0, 'ring>NH': 0, '>N-': 0, 'N=': 0, 'ring-N=': 0, 'NH=': 0, 'NO2-': 0, 'ring-S-': 2}",1.2434429642792995,1.1221740165136158,0.047801147227533466,32.35442537722262,491.177236012741,20.919999999999998,84.6327,49.1644,51.942,935.1800000000001,1102.649918260436,0.06190000000000001,0.3201378734575162,9.52813712395464,278.5468480283344,11.0,3,acyclic,14
"{'NH2 except as above': 3, 'OCH2CH2OH': 4, 'CH3N': 5}","{'CH3-': 5, 'CH2-': 8, '>CH-': 0, '>C<': 0, 'CH2=': 0, 'CH=': 0, '>C=': 0, 'C==': 0, 'ring-CH2-': 0, 'ring>CH-': 0, 'ring>C<': 0, 'ring=CH-': 0, 'ring=C<': 0, 'Br-': 0, 'alc-OH': 4, 'phe-OH': 0, 'O-': 4, 'ring-O-': 0, '>C=O': 0, 'ring>C=O': 0, 'O=CH-': 0, 'COOH': 0, 'COO-': 0, 'O=': 0, 'NH2-': 3, '>NH': 0, 'ring>NH': 0, '>N-': 5, 'N=': 0, 'ring-N=': 0, 'NH=': 0, 'NO2-': 0, 'ring-S-': 0}",1.1925705090127658,1.113093792359036,0.047478871902003617,26.323355180165574,5.150377544761829,21.061999999999998,62.2386,39.786699999999996,79.3507,1238.73,952.3523964494655,0.0913,0.37066111380203914,-4.5514026910169045,742.7743642651343,12.0,3,acyclic,15
"{'aCH': 0.6666666666666666, 'aN in aromatic ring': 0.6666666666666666, 'aC-CH3': 0.6666666666666666, 'aC-CH2': 0.6666666666666666, 'aC-OH': 0.6666666666666666, 'aC-COOH': 0.6666666666666666, 'aC-NH2': 0.6666666666666666, 'aC-NH': 1, 'aC-Br': 0.6666666666666666, 'C (cyclic)': 6, 'O (cyclic)': 2}","{'CH3-': 0.6666666666666666, 'CH2-': 0.6666666666666666, '>CH-': 0.0, '>C<': 0.0, 'CH2=': 0.0, 'CH=': 0.0, '>C=': 0.0, 'C==': 0.0, 'ring-CH2-': 0.0, 'ring>CH-': 0.0, 'ring>C<': 0.0, 'ring=CH-': 0.6666666666666666, 'ring=C<': 5.0, 'Br-': 0.6666666666666666, 'alc-OH': 0.0, 'phe-OH': 0.6666666666666666, 'O-': 0.0, 'ring-O-': 2.0, '>C=O': 0.0, 'ring>C=O': 0.0, 'O=CH-': 0.0, 'COOH': 0.6666666666666666, 'COO-': 0.0, 'O=': 0.0, 'NH2-': 0.6666666666666666, '>NH': 1.0, 'ring>NH': 0.0, '>N-': 0.0, 'N=': 0.0, 'ring-N=': 0.6666666666666666, 'NH=': 0.0, 'NO2-': 0.0, 'ring-S-': 0.0}",1.193080151278919,1.0508491146847907,0.04605557065154816,25.574573650758822,387.88980929514906,21.712899999999998,-44.180699999999995,-7.022566666666667,7.759533333333334,810.0333333333333,984.40052677439,0.10090000000000002,0.3585938755606765,7.89042525513608,287.0413031088011,14.333333333333332,11,aromatic,16
"{'C (cyclic)': 6, 'CO (cyclic)': 5}","{'CH3-': 0, 'CH2-': 0, '>CH-': 0, '>C<': 0, 'CH2=': 0, 'CH=': 0, '>C=': 0, 'C==': 0, 'ring-CH2-': 0, 'ring>CH-': 0, 'ring>C<': 0, 'ring=CH-': 0, 'ring=C<': 0, 'Br-': 0, 'alc-OH': 0, 'phe-OH': 0, 'O-': 0, 'ring-O-': 0, '>C=O': 0, 'ring>C=O': 5, 'O=CH-': 0, 'COOH': 0, 'COO-': 0, 'O=': 0, 'NH2-': 0, '>NH': 0, 'ring>NH': 0, '>N-': 0, 'N=': 0, 'ring-N=': 0, 'NH=': 0, 'NO2-': 0, 'ring-S-': 0}",1.129917037489894,1.0362925542825254,0.04623272629763705,25.006680211243854,208.49068780032925,21.6297,-42.73989999999999,16.9943,-1.968399999999999,673.05,933.4563055628753,0.115,0.37816446029269746,4.203480919667264,183.9323152946344,11.0,2,cyclic,17
"{'aCH': 0.6666666666666666, 'aN in aromatic ring': 0.6666666666666666, 'aC-CH3': 0.6666666666666666, 'aC-CH2': 6, 'aC-OH': 0.6666666666666666, 'aC-COOH': 0.6666666666666666, 'aC-NH2': 0.6666666666666666, 'aC-NH': 0.6666666666666666, 'aC-Br': 0.6666666666666666, '-O-': 2, '-Br except as above': 5, 'CH': 3, 'CHNH': 7, 'CH2NH2': 1}","{'CH3-': 0.6666666666666666, 'CH2-': 7.0, '>CH-': 10.0, '>C<': 0.0, 'CH2=': 0.0, 'CH=': 0.0, '>C=': 0.0, 'C==': 0.0, 'ring-CH2-': 0.0, 'ring>CH-': 0.0, 'ring>C<': 0.0, 'ring=CH-': 0.6666666666666666, 'ring=C<': 10.0, 'Br-': 5.666666666666667, 'alc-OH': 0.0, 'phe-OH': 0.6666666666666666, 'O-': 2.0, 'ring-O-': 0.0, '>C=O': 0.0, 'ring>C=O': 0.0, 'O=CH-': 0.0, 'COOH': 0.6666666666666666, 'COO-': 0.0, 'O=': 0.0, 'NH2-': 1.6666666666666665, '>NH': 7.666666666666667, 'ring>NH': 0.0, '>N-': 0.0, 'N=': 0.0, 'ring-N=': 0.6666666666666666, 'NH=': 0.0, 'NO2-': 0.0, 'ring-S-': 0.0}",1.3442438932380842,1.1539710809416595,0.046954088292467624,25.6484745276575,109.55970022762561,21.2974,-38.79683333333333,-46.14653333333333,-1.8974666666666655,2051.7866666666664,1408.6591196246661,0.10156666666666667,0.2505929185295418,-2.38825147277296,991.5498501258677,29.333333333333332,14,aromatic,18
"{'CH2 (cyclic)': 1, 'O (cyclic)': 7, 'C (cyclic)': 2, 'N (cyclic)': 3, 'NH (cyclic)': 3, 'CO (cyclic)': 4}","{'CH3-': 0, 'CH2-': 0, '>CH-': 0, '>C<': 0, 'CH2=': 0, 'CH=': 0, '>C=': 0, 'C==': 0, 'ring-CH2-': 1, 'ring>CH-': 0, 'ring>C<': 0, 'ring=CH-': 0, 'ring=C<': 0, 'Br-': 0, 'alc-OH': 0, 'phe-OH': 0, 'O-': 0, 'ring-O-': 7, '>C=O': 0, 'ring>C=O': 4, 'O=CH-': 0, 'COOH': 0, 'COO-': 0, 'O=': 0, 'NH2-': 0, '>NH': 0, 'ring>NH': 3, '>N-': 0, 'N=': 0, 'ring-N=': 3, 'NH=': 0, 'NO2-': 0, 'ring-S-': 0}",1.296998473146586,1.100128642927896,0.047379667489493564,13.000304981013569,543.8676119308947,21.106099999999998,31.0798,49.549,34.2263,1154.8799999999999,1388.5517343370418,0.0663,0.25422171264546967,8.407627307879286,349.2745349514344,20.0,6,cyclic,19
"{'C (cyclic)': 6, 'N (cyclic)': 3}","{'CH3-': 0, 'CH2-': 0, '>CH-': 0, '>C<': 0, 'CH2=': 0, 'CH=': 0, '>C=': 0, 'C==': 0, 'ring-CH2-': 0, 'ring>CH-': 0, 'ring>C<': 0, 'ring=CH-': 0, 'ring=C<': 0, 'Br-': 0, 'alc-OH': 0, 'phe-OH': 0, 'O-': 0, 'ring-O-': 0, '>C=O': 0, 'ring>C=O': 0, 'O=CH-': 0, 'COOH': 0, 'COO-': 0, 'O=': 0, 'NH2-': 0, '>NH': 0, 'ring>NH': 0, '>N-': 0, 'N=': 0, 'ring-N=': 3, 'NH=': 0, 'NO2-': 0, 'ring-S-': 0}",1.0173496158436914,1.0041570892416138,0.04635037172998128,37.459856135654576,84.21201343070112,21.5748,-70.88759999999999,-17.5818,-17.8254,370.84999999999997,609.3418171810239,0.0998,0.5793135971417015,2.343748904125191,69.3252790936344,9.0,2,cyclic,20
"{'SO2': 5, 'CH2NH2': 2, 'CH3O': 8, 'CH3NH': 8, 'CH2': 2}","{'CH3-': 16, 'CH2-': 4, '>CH-': 0, '>C<': 0, 'CH2=': 0, 'CH=': 0, '>C=': 0, 'C==': 0, 'ring-CH2-': 0, 'ring>CH-': 0, 'ring>C<': 0, 'ring=CH-': 0, 'ring=C<': 0, 'Br-': 0, 'alc-OH': 0, 'phe-OH': 0, 'O-': 8, 'ring-O-': 0, '>C=O': 0, 'ring>C=O': 0, 'O=CH-': 0, 'COOH': 0, 'COO-': 0, 'O=': 10, 'NH2-': 2, '>NH': 8, 'ring>NH': 0, '>N-': 0, 'N=': 0, 'ring-N=': 0, 'NH=': 0, 'NO2-': 0, 'ring-S-': 5}",1.668595901462917,1.2754843440276604,0.046759562330496586,62.587757080202735,213.32481459988043,21.386,147.6236,98.0301,96.3163,1549.68,1086.6136266346832,0.07990000000000003,0.3248624822544009,-2.67645789567629,1363.6550070805345,25.0,5,acyclic,21
"{'CH2 (cyclic)': 8, 'CH (cyclic)': 4, 'N (cyclic)': 3, 'O (cyclic)': 5, 'NH (cyclic)': 6}","{'CH3-': 0, 'CH2-': 0, '>CH-': 0, '>C<': 0, 'CH2=': 0, 'CH=': 0, '>C=': 0, 'C==': 0, 'ring-CH2-': 8, 'ring>CH-': 4, 'ring>C<': 0, 'ring=CH-': 0, 'ring=C<': 0, 'Br-': 0, 'alc-OH': 0, 'phe-OH': 0, 'O-': 0, 'ring-O-': 5, '>C=O': 0, 'ring>C=O': 0, 'O=CH-': 0, 'COOH': 0, 'COO-': 0, 'O=': 0, 'NH2-': 0, '>NH': 0, 'ring>NH': 6, '>N-': 0, 'N=': 0, 'ring-N=': 3, 'NH=': 0, 'NO2-': 0, 'ring-S-': 0}",1.2872299444705928,1.1089028562661227,0.04779749158764149,15.190641940545728,650.5861356699068,20.921599999999998,47.1829,20.612,35.2948,1148.19,1342.198796078576,0.05940000000000001,0.2630012789695085,10.107904712454134,479.27097987023444,26.0,5,cyclic,22
"{'aCH': 0.6666666666666666, 'aN in aromatic ring': 4, 'aC-CH3': 0.6666666666666666, 'aC-CH2': 0.6666666666666666, 'aC-OH': 0.6666666666666666, 'aC-COOH': 0.6666666666666666, 'aC-NH2': 0.6666666666666666, 'aC-NH': 0.6666666666666666, 'aC-Br': 0.6666666666666666, 'CH (cyclic)': 1, 'CH3N': 3, 'COOH': 1}","{'CH3-': 3.6666666666666665, 'CH2-': 0.6666666666666666, '>CH-': 0.0, '>C<': 0.0, 'CH2=': 0.0, 'CH=': 0.0, '>C=': 0.0, 'C==': 0.0, 'ring-CH2-': 0.0, 'ring>CH-': 1.0, 'ring>C<': 0.0, 'ring=CH-': 0.6666666666666666, 'ring=C<': 4.666666666666666, 'Br-': 0.6666666666666666, 'alc-OH': 0.0, 'phe-OH': 0.6666666666666666, 'O-': 0.0, 'ring-O-': 0.0, '>C=O': 0.0, 'ring>C=O': 0.0, 'O=CH-': 0.0, 'COOH': 1.6666666666666665, 'COO-': 0.0, 'O=': 0.0, 'NH2-': 0.6666666666666666, '>NH': 0.6666666666666666, 'ring>NH': 0.0, '>N-': 3.0, 'N=': 0.0, 'ring-N=': 4.0, 'NH=': 0.0, 'NO2-': 0.0, 'ring-S-': 0.0}",1.293655082247825,1.0981202257868803,0.04763583357945181,10.238266601960818,16197.85879566968,20.9926,27.413766666666664,21.53663333333333,44.405366666666666,1209.1966666666667,1215.202399458524,0.08903333333333334,0.29048658903018254,333.9128168748306,520.4446456254343,14.333333333333332,12,aromatic,23
"{'CH (cyclic)': 5, 'C (cyclic)': 3, 'N (cyclic)': 1, 'NH (cyclic)': 2}","{'CH3-': 0, 'CH2-': 0, '>CH-': 0, '>C<': 0, 'CH2=': 0, 'CH=': 0, '>C=': 0, 'C==': 0, 'ring-CH2-': 0, 'ring>CH-': 5, 'ring>C<': 0, 'ring=CH-': 0, 'ring=C<': 0, 'Br-': 0, 'alc-OH': 0, 'phe-OH': 0, 'O-': 0, 'ring-O-': 0, '>C=O': 0, 'ring>C=O': 0, 'O=CH-': 0, 'COOH': 0, 'COO-': 0, 'O=': 0, 'NH2-': 0, '>NH': 0, 'ring>NH': 2, '>N-': 0, 'N=': 0, 'ring-N=': 1, 'NH=': 0, 'NO2-': 0, 'ring-S-': 0}",1.0599263262928016,1.0224248068209678,0.04719207173194904,25.334133591957276,143.85520299513936,21.189999999999998,-42.4268,-19.426499999999997,-4.3422,470.29,695.5332152641952,0.1062,0.5075242882051499,3.302240898553287,171.7929574104344,11.0,4,cyclic,25
"{'SO': 5, 'CH2NH2': 1, 'OH': 3, 'CH2': 2, 'CH2NH': 6, 'CH3': 6}","{'CH3-': 6, 'CH2-': 9, '>CH-': 0, '>C<': 0, 'CH2=': 0, 'CH=': 0, '>C=': 0, 'C==': 0, 'ring-CH2-': 0, 'ring>CH-': 0, 'ring>C<': 0, 'ring=CH-': 0, 'ring=C<': 0, 'Br-': 0, 'alc-OH': 3, 'phe-OH': 0, 'O-': 0, 'ring-O-': 0, '>C=O': 0, 'ring>C=O': 0, 'O=CH-': 0, 'COOH': 0, 'COO-': 0, 'O=': 5, 'NH2-': 1, '>NH': 6, 'ring>NH': 0, '>N-': 0, 'N=': 0, 'ring-N=': 0, 'NH=': 0, 'NO2-': 0, 'ring-S-': 5}",1.4850241230413177,1.2122603431097507,0.04724156501856593,36.92651033255682,36.6207673325071,21.1678,87.0154,67.4373,82.2662,1406.49,1068.1733346649205,0.0655,0.33047070970998726,-4.2250939683991175,894.6245358782344,23.0,6,acyclic,26
"{'aCH': 5, 'aN in aromatic ring': 0.6666666666666666, 'aC-CH3': 0.6666666666666666, 'aC-CH2': 0.6666666666666666, 'aC-OH': 0.6666666666666666, 'aC-COOH': 0.6666666666666666, 'aC-NH2': 0.6666666666666666, 'aC-NH': 0.6666666666666666, 'aC-Br': 0.6666666666666666, 'CO (cyclic)': 5, '-Br except as above': 1}","{'CH3-': 0.6666666666666666, 'CH2-': 0.6666666666666666, '>CH-': 0.0, '>C<': 0.0, 'CH2=': 0.0, 'CH=': 0.0, '>C=': 0.0, 'C==': 0.0, 'ring-CH2-': 0.0, 'ring>CH-': 0.0, 'ring>C<': 0.0, 'ring=CH-': 5.0, 'ring=C<': 4.666666666666666, 'Br-': 1.6666666666666665, 'alc-OH': 0.0, 'phe-OH': 0.6666666666666666, 'O-': 0.0, 'ring-O-': 0.0, '>C=O': 0.0, 'ring>C=O': 5.0, 'O=CH-': 0.0, 'COOH': 0.6666666666666666, 'COO-': 0.0, 'O=': 0.0, 'NH2-': 0.6666666666666666, '>NH': 0.6666666666666666, 'ring>NH': 0.0, '>N-': 0.0, 'N=': 0.0, 'ring-N=': 0.6666666666666666, 'NH=': 0.0, 'NO2-': 0.0, 'ring-S-': 0.0}",1.3462709913622604,1.1222935190462844,0.04761345492751645,18.574709769783443,3589.386910754018,21.002466666666667,51.64123333333333,43.30036666666667,37.00846666666666,1378.0733333333333,1414.829422710842,0.11340000000000003,0.24950004172492032,62.80408194298805,492.81075406670107,16.333333333333332,11,aromatic,27
"{'SO': 7, 'CH2NH2': 1, 'CH2NH': 7, 'CH3': 8, '-Br except as above': 7, 'CH2N': 1}","{'CH3-': 8, 'CH2-': 9, '>CH-': 0, '>C<': 0, 'CH2=': 0, 'CH=': 0, '>C=': 0, 'C==': 0, 'ring-CH2-': 0, 'ring>CH-': 0, 'ring>C<': 0, 'ring=CH-': 0, 'ring=C<': 0, 'Br-': 7, 'alc-OH': 0, 'phe-OH': 0, 'O-': 0, 'ring-O-': 0, '>C=O': 0, 'ring>C=O': 0, 'O=CH-': 0, 'COOH': 0, 'COO-': 0, 'O=': 7, 'NH2-': 1, '>NH': 7, 'ring>NH': 0, '>N-': 1, 'N=': 0, 'ring-N=': 0, 'NH=': 0, 'NO2-': 0, 'ring-S-': 7}",1.6794813539523914,1.311532799192684,0.046748851146983066,58.01207774398608,29.234760386096937,21.3909,139.8969,93.9011,74.1736,1788.14,1380.4816870821196,0.05450000000000002,0.25570784698066146,-4.66379508946498,1159.6177765972343,31.0,6,acyclic,28
"{'aCH': 0.6666666666666666, 'aN in aromatic ring': 0.6666666666666666, 'aC-CH3': 0.6666666666666666, 'aC-CH2': 0.6666666666666666, 'aC-OH': 0.6666666666666666, 'aC-COOH': 0.6666666666666666, 'aC-NH2': 0.6666666666666666, 'aC-NH': 8, 'aC-Br': 0.6666666666666666, 'CH': 5, 'CHNH2': 2, 'NH (cyclic)': 4, '-Br except as above': 7}","{'CH3-': 0.6666666666666666, 'CH2-': 0.6666666666666666, '>CH-': 7.0, '>C<': 0.0, 'CH2=': 0.0, 'CH=': 0.0, '>C=': 0.0, 'C==': 0.0, 'ring-CH2-': 0.0, 'ring>CH-': 0.0, 'ring>C<': 0.0, 'ring=CH-': 0.6666666666666666, 'ring=C<': 12.0, 'Br-': 7.666666666666667, 'alc-OH': 0.0, 'phe-OH': 0.6666666666666666, 'O-': 0.0, 'ring-O-': 0.0, '>C=O': 0.0, 'ring>C=O': 0.0, 'O=CH-': 0.0, 'COOH': 0.6666666666666666, 'COO-': 0.0, 'O=': 0.0, 'NH2-': 2.6666666666666665, '>NH': 8.0, 'ring>NH': 4.0, '>N-': 0.0, 'N=': 0.0, 'ring-N=': 0.6666666666666666, 'NH=': 0.0, 'NO2-': 0.0, 'ring-S-': 0.0}",2.5793804741200552,1.22269918260275,0.0471618027127469,14.110768281434197,26.858695197349693,21.203599999999998,27.466699999999996,1.7272333333333325,67.63113333333334,2293.793333333333,1641.3228937827446,0.03209999999999999,0.2150704174889339,-2.9912862723470894,887.811429268601,31.333333333333332,13,aromatic,29
"{'CO (cyclic)': 2, 'O (cyclic)': 3, 'C (cyclic)': 6}","{'CH3-': 0, 'CH2-': 0, '>CH-': 0, '>C<': 0, 'CH2=': 0, 'CH=': 0, '>C=': 0, 'C==': 0, 'ring-CH2-': 0, 'ring>CH-': 0, 'ring>C<': 0, 'ring=CH-': 0, 'ring=C<': 0, 'Br-': 0, 'alc-OH': 0, 'phe-OH': 0, 'O-': 0, 'ring-O-': 3, '>C=O': 0, 'ring>C=O': 2, 'O=CH-': 0, 'COOH': 0, 'COO-': 0, 'O=': 0, 'NH2-': 0, '>NH': 0, 'ring>NH': 0, '>N-': 0, 'N=': 0, 'ring-N=': 0, 'NH=': 0, 'NO2-': 0, 'ring-S-': 0}",1.0835125026336072,1.019690602266021,0.04629693930934226,24.394628787509724,133.40004555561026,21.5997,-41.592699999999994,6.938000000000001,-1.859799999999999,481.8,722.1407020262807,0.109,0.48882440639269403,3.1516543099165815,134.72041156103438,11.0,3,cyclic,30
"{'CH2 (cyclic)': 6, 'N (cyclic)': 4}","{'CH3-': 0, 'CH2-': 0, '>CH-': 0, '>C<': 0, 'CH2=': 0, 'CH=': 0, '>C=': 0, 'C==': 0, 'ring-CH2-': 6, 'ring>CH-': 0, 'ring>C<': 0, 'ring=CH-': 0, 'ring=C<': 0, 'Br-': 0, 'alc-OH': 0, 'phe-OH': 0, 'O-': 0, 'ring-O-': 0, '>C=O': 0, 'ring>C=O': 0, 'O=CH-': 0, 'COOH': 0, 'COO-': 0, 'O=': 0, 'NH2-': 0, '>NH': 0, 'ring>NH': 0, '>N-': 0, 'N=': 0, 'ring-N=': 4, 'NH=': 0, 'NO2-': 0, 'ring-S-': 0}",1.038437796719309,1.0361350832779805,0.047992244453296355,5.430181736652448,174.03214340641395,20.836699999999997,3.2821999999999996,0.5815999999999999,0.9914000000000001,591.3,876.3765173185517,0.09960000000000002,0.4027949095213935,3.2770912249740927,215.0419636756344,10.0,2,cyclic,31
"{'CH2 (cyclic)': 2, 'N (cyclic)': 6, 'CH (cyclic)': 6}","{'CH3-': 0, 'CH2-': 0, '>CH-': 0, '>C<': 0, 'CH2=': 0, 'CH=': 0, '>C=': 0, 'C==': 0, 'ring-CH2-': 2, 'ring>CH-': 6, 'ring>C<': 0, 'ring=CH-': 0, 'ring=C<': 0, 'Br-': 0, 'alc-OH': 0, 'phe-OH': 0, 'O-': 0, 'ring-O-': 0, '>C=O': 0, 'ring>C=O': 0, 'O=CH-': 0, 'COOH': 0, 'COO-': 0, 'O=': 0, 'NH2-': 0, '>NH': 0, 'ring>NH': 0, '>N-': 0, 'N=': 0, 'ring-N=': 6, 'NH=': 0, 'NO2-': 0, 'ring-S-': 0}",1.0256863100227547,1.0438844913396899,0.04805035677389905,22.801273187272148,241.1099866267266,20.8115,-35.9036,-21.9394,-5.9268,728.48,1007.3663526252399,0.10479999999999999,0.3504186923457061,4.252740665611325,266.19441840443443,14.0,3,cyclic,32
"{'aCH': 0.6666666666666666, 'aN in aromatic ring': 0.6666666666666666, 'aC-CH3': 1, 'aC-CH2': 0.6666666666666666, 'aC-OH': 0.6666666666666666, 'aC-COOH': 7, 'aC-NH2': 0.6666666666666666, 'aC-NH': 0.6666666666666666, 'aC-Br': 0.6666666666666666, 'CH3N': 4}","{'CH3-': 5.0, 'CH2-': 0.6666666666666666, '>CH-': 0.0, '>C<': 0.0, 'CH2=': 0.0, 'CH=': 0.0, '>C=': 0.0, 'C==': 0.0, 'ring-CH2-': 0.0, 'ring>CH-': 0.0, 'ring>C<': 0.0, 'ring=CH-': 0.6666666666666666, 'ring=C<': 11.333333333333334, 'Br-': 0.6666666666666666, 'alc-OH': 0.0, 'phe-OH': 0.6666666666666666, 'O-': 0.0, 'ring-O-': 0.0, '>C=O': 0.0, 'ring>C=O': 0.0, 'O=CH-': 0.0, 'COOH': 7.0, 'COO-': 0.0, 'O=': 0.0, 'NH2-': 0.6666666666666666, '>NH': 0.6666666666666666, 'ring>NH': 0.0, '>N-': 4.0, 'N=': 0.0, 'ring-N=': 0.6666666666666666, 'NH=': 0.0, 'NO2-': 0.0, 'ring-S-': 0.0}",2.210794115244504,1.2044371750557692,0.04697489505025531,12.752393982369558,90.70851060970901,21.287966666666666,32.237899999999996,7.3649,55.6035,2147.31,1441.6394855068004,0.09456666666666667,0.2448601079179687,-2.1208556753527765,861.4914245750344,16.666666666666668,10,aromatic,34
"{'NH (cyclic)': 5, 'O (cyclic)': 1, 'C (cyclic)': 1, 'CO (cyclic)': 7, 'N (cyclic)': 4}","{'CH3-': 0, 'CH2-': 0, '>CH-': 0, '>C<': 0, 'CH2=': 0, 'CH=': 0, '>C=': 0, 'C==': 0, 'ring-CH2-': 0, 'ring>CH-': 0, 'ring>C<': 0, 'ring=CH-': 0, 'ring=C<': 0, 'Br-': 0, 'alc-OH': 0, 'phe-OH': 0, 'O-': 0, 'ring-O-': 1, '>C=O': 0, 'ring>C=O': 7, 'O=CH-': 0, 'COOH': 0, 'COO-': 0, 'O=': 0, 'NH2-': 0, '>NH': 0, 'ring>NH': 5, '>N-': 0, 'N=': 0, 'ring-N=': 4, 'NH=': 0, 'NO2-': 0, 'ring-S-': 0}",1.3899776926415728,1.124982629231629,0.04765649200562347,14.257189332737843,864.3837350365285,20.9835,31.873900000000003,56.6087,33.8707,1388.51,1576.3583149605943,0.0556,0.22393385859662515,12.643929370768202,375.70907189443443,18.0,5,cyclic,35
"{'NH (cyclic)': 1, 'N (cyclic)': 7, 'CH (cyclic)': 6}","{'CH3-': 0, 'CH2-': 0, '>CH-': 0, '>C<': 0, 'CH2=': 0, 'CH=': 0, '>C=': 0, 'C==': 0, 'ring-CH2-': 0, 'ring>CH-': 6, 'ring>C<': 0, 'ring=CH-': 0, 'ring=C<': 0, 'Br-': 0, 'alc-OH': 0, 'phe-OH': 0, 'O-': 0, 'ring-O-': 0, '>C=O': 0, 'ring>C=O': 0, 'O=CH-': 0, 'COOH': 0, 'COO-': 0, 'O=': 0, 'NH2-': 0, '>NH': 0, 'ring>NH': 1, '>N-': 0, 'N=': 0, 'ring-N=': 7, 'NH=': 0, 'NO2-': 0, 'ring-S-': 0}",1.0511792859652924,1.0497525704340156,0.04811231338436447,24.19490561379564,249.4443505587699,20.784699999999997,-39.4872,-21.037,-4.4256,784.55,1082.7345551100227,0.09079999999999999,0.3260263545981773,4.286341868992968,247.54238451883433,14.0,3,cyclic,36
"{'C (cyclic)': 8, 'O (cyclic)': 6, 'CH (cyclic)': 6, 'NH (cyclic)': 6}","{'CH3-': 0, 'CH2-': 0, '>CH-': 0, '>C<': 0, 'CH2=': 0, 'CH=': 0, '>C=': 0, 'C==': 0, 'ring-CH2-': 0, 'ring>CH-': 6, 'ring>C<': 0, 'ring=CH-': 0, 'ring=C<': 0, 'Br-': 0, 'alc-OH': 0, 'phe-OH': 0, 'O-': 0, 'ring-O-': 6, '>C=O': 0, 'ring>C=O': 0, 'O=CH-': 0, 'COOH': 0, 'COO-': 0, 'O=': 0, 'NH2-': 0, '>NH': 0, 'ring>NH': 6, '>N-': 0, 'N=': 0, 'ring-N=': 0, 'NH=': 0, 'NO2-': 0, 'ring-S-': 0}",1.2538098755295828,1.0629782782229324,0.045627307030711745,27.92163106504936,343.5878224678317,21.9167,-49.6832,-5.7942,13.100200000000005,833.1200000000001,1059.073285450963,0.071,0.33331026742846165,6.186598182560619,317.95147038163435,26.0,4,cyclic,39
"{'O (cyclic)': 2, 'N (cyclic)': 8, 'CO (cyclic)': 8, 'CH (cyclic)': 3, 'C (cyclic)': 1}","{'CH3-': 0, 'CH2-': 0, '>CH-': 0, '>C<': 0, 'CH2=': 0, 'CH=': 0, '>C=': 0, 'C==': 0, 'ring-CH2-': 0, 'ring>CH-': 3, 'ring>C<': 0, 'ring=CH-': 0, 'ring=C<': 0, 'Br-': 0, 'alc-OH': 0, 'phe-OH': 0, 'O-': 0, 'ring-O-': 2, '>C=O': 0, 'ring>C=O': 8, 'O=CH-': 0, 'COOH': 0, 'COO-': 0, 'O=': 0, 'NH2-': 0, '>NH': 0, 'ring>NH': 0, '>N-': 0, 'N=': 0, 'ring-N=': 8, 'NH=': 0, 'NO2-': 0, 'ring-S-': 0}",1.2645633129907752,1.1260070230254258,0.04760884572353543,13.207689735214597,1430.7268681840712,21.0045,-8.801199999999998,41.5255,18.1382,1546.14,1674.9413119474468,0.08620000000000003,0.21075365296803653,20.457291543463164,453.4758688456344,22.0,5,cyclic,41
"{'CO (cyclic)': 3, 'C (cyclic)': 8, 'N (cyclic)': 8, 'CH2 (cyclic)': 3, 'O (cyclic)': 7, 'NH (cyclic)': 1}","{'CH3-': 0, 'CH2-': 0, '>CH-': 0, '>C<': 0, 'CH2=': 0, 'CH=': 0, '>C=': 0, 'C==': 0, 'ring-CH2-': 3, 'ring>CH-': 0, 'ring>C<': 0, 'ring=CH-': 0, 'ring=C<': 0, 'Br-': 0, 'alc-OH': 0, 'phe-OH': 0, 'O-': 0, 'ring-O-': 7, '>C=O': 0, 'ring>C=O': 3, 'O=CH-': 0, 'COOH': 0, 'COO-': 0, 'O=': 0, 'NH2-': 0, '>NH': 0, 'ring>NH': 1, '>N-': 0, 'N=': 0, 'ring-N=': 8, 'NH=': 0, 'NO2-': 0, 'ring-S-': 0}",1.2374403820671356,1.0958249046228083,0.045530291302803755,29.97013329661901,631.2531318770402,21.9634,-54.4323,20.1177,6.696900000000001,1296.32,1544.0983786204695,0.061700000000000005,0.22861237657368552,8.9136870235239,394.2104552816344,30.0,6,cyclic,42
"{'aCH': 0.6666666666666666, 'aN in aromatic ring': 0.6666666666666666, 'aC-CH3': 3, 'aC-CH2': 0.6666666666666666, 'aC-OH': 0.6666666666666666, 'aC-COOH': 0.6666666666666666, 'aC-NH2': 0.6666666666666666, 'aC-NH': 2, 'aC-Br': 0.6666666666666666, '-O-': 7, 'CH3N': 8, 'CH2N': 6}","{'CH3-': 11.0, 'CH2-': 6.666666666666667, '>CH-': 0.0, '>C<': 0.0, 'CH2=': 0.0, 'CH=': 0.0, '>C=': 0.0, 'C==': 0.0, 'ring-CH2-': 0.0, 'ring>CH-': 0.0, 'ring>C<': 0.0, 'ring=CH-': 0.6666666666666666, 'ring=C<': 8.333333333333334, 'Br-': 0.6666666666666666, 'alc-OH': 0.0, 'phe-OH': 0.6666666666666666, 'O-': 7.0, 'ring-O-': 0.0, '>C=O': 0.0, 'ring>C=O': 0.0, 'O=CH-': 0.0, 'COOH': 0.6666666666666666, 'COO-': 0.0, 'O=': 0.0, 'NH2-': 0.6666666666666666, '>NH': 2.0, 'ring>NH': 0.0, '>N-': 14.0, 'N=': 0.0, 'ring-N=': 0.6666666666666666, 'NH=': 0.0, 'NO2-': 0.0, 'ring-S-': 0.0}",1.2815815087413494,1.1558285342667185,0.046829268292682934,21.187119445810602,194.7996226190624,21.354166666666664,-30.26906666666667,-32.987833333333334,-0.6709666666666667,1603.3700000000001,1090.5379743391627,0.12536666666666668,0.3236934506695273,-2.2732066785477802,1213.888993146601,30.666666666666668,12,aromatic,46
"{'CH': 7, 'CH3N': 2, 'SO': 4, 'CH3': 4, 'OCH2CH2OH': 4, 'SO2': 6}","{'CH3-': 6, 'CH2-': 8, '>CH-': 7, '>C<': 0, 'CH2=': 0, 'CH=': 0, '>C=': 0, 'C==': 0, 'ring-CH2-': 0, 'ring>CH-': 0, 'ring>C<': 0, 'ring=CH-': 0, 'ring=C<': 0, 'Br-': 0, 'alc-OH': 4, 'phe-OH': 0, 'O-': 4, 'ring-O-': 0, '>C=O': 0, 'ring>C=O': 0, 'O=CH-': 0, 'COOH': 0, 'COO-': 0, 'O=': 16, 'NH2-': 0, '>NH': 0, 'ring>NH': 0, '>N-': 2, 'N=': 0, 'ring-N=': 0, 'NH=': 0, 'NO2-': 0, 'ring-S-': 10}",1.625844199871881,1.3286361949031047,0.04693271256998841,20.51702611993871,230.98604373725902,21.3071,28.6826,87.9709,47.78940000000001,1512.58,979.0497667557527,0.01040000000000002,0.36055368377209807,-1.7552197458646188,1241.2207091640344,27.0,6,acyclic,47
"{'CH3': 5, 'CH3O': 7, 'CH2N': 7, '-O-': 8, 'CH2NH': 2}","{'CH3-': 12, 'CH2-': 9, '>CH-': 0, '>C<': 0, 'CH2=': 0, 'CH=': 0, '>C=': 0, 'C==': 0, 'ring-CH2-': 0, 'ring>CH-': 0, 'ring>C<': 0, 'ring=CH-': 0, 'ring=C<': 0, 'Br-': 0, 'alc-OH': 0, 'phe-OH': 0, 'O-': 15, 'ring-O-': 0, '>C=O': 0, 'ring>C=O': 0, 'O=CH-': 0, 'COOH': 0, 'COO-': 0, 'O=': 0, 'NH2-': 0, '>NH': 2, 'ring>NH': 0, '>N-': 7, 'N=': 0, 'ring-N=': 0, 'NH=': 0, 'NO2-': 0, 'ring-S-': 0}",1.1598391592368944,1.1288349131441004,0.04691531785127845,10.563878572405617,119.99555578630302,21.314999999999998,38.79,2.2426999999999984,-11.672699999999999,1205.9,909.63333305675,0.1817,0.3880684526080105,-4.069905149490159,1119.4146718641346,29.0,5,acyclic,48
"{'CH3': 3, 'CH2NH2': 1}","{'CH3-': 3, 'CH2-': 1, '>CH-': 0, '>C<': 0, 'CH2=': 0, 'CH=': 0, '>C=': 0, 'C==': 0, 'ring-CH2-': 0, 'ring>CH-': 0, 'ring>C<': 0, 'ring=CH-': 0, 'ring=C<': 0, 'Br-': 0, 'alc-OH': 0, 'phe-OH': 0, 'O-': 0, 'ring-O-': 0, '>C=O': 0, 'ring>C=O': 0, 'O=CH-': 0, 'COOH': 0, 'COO-': 0, 'O=': 0, 'NH2-': 1, '>NH': 0, 'ring>NH': 0, '>N-': 0, 'N=': 0, 'ring-N=': 0, 'NH=': 0, 'NO2-': 0, 'ring-S-': 0}",1.0397393821427297,1.02075838553347,0.048004224371744716,6.90774946461669,132.78840195262742,20.8315,30.9944,12.1212,13.4299,365.04999999999995,547.7057647513344,0.1217,0.6445066360772497,3.1411345287752592,208.8406442984344,4.0,2,acyclic,49
"{'CH (cyclic)': 5, 'NH (cyclic)': 8}","{'CH3-': 0, 'CH2-': 0, '>CH-': 0, '>C<': 0, 'CH2=': 0, 'CH=': 0, '>C=': 0, 'C==': 0, 'ring-CH2-': 0, 'ring>CH-': 5, 'ring>C<': 0, 'ring=CH-': 0, 'ring=C<': 0, 'Br-': 0, 'alc-OH': 0, 'phe-OH': 0, 'O-': 0, 'ring-O-': 0, '>C=O': 0, 'ring>C=O': 0, 'O=CH-': 0, 'COOH': 0, 'COO-': 0, 'O=': 0, 'NH2-': 0, '>NH': 0, 'ring>NH': 8, '>N-': 0, 'N=': 0, 'ring-N=': 0, 'NH=': 0, 'NO2-': 0, 'ring-S-': 0}",1.2457093202967275,1.0661464492862516,0.048096809257673845,4.644648630505876,252.5835745048926,20.7914,21.055699999999998,4.314700000000002,24.6865,729.6600000000001,981.7484610985907,0.06140000000000001,0.3595625702381931,4.76112139663481,245.5523323788344,13.0,2,cyclic,50
"{'C (cyclic)': 4, 'CH2 (cyclic)': 1, 'N (cyclic)': 5, 'CO (cyclic)': 6, 'CH (cyclic)': 4}","{'CH3-': 0, 'CH2-': 0, '>CH-': 0, '>C<': 0, 'CH2=': 0, 'CH=': 0, '>C=': 0, 'C==': 0, 'ring-CH2-': 1, 'ring>CH-': 4, 'ring>C<': 0, 'ring=CH-': 0, 'ring=C<': 0, 'Br-': 0, 'alc-OH': 0, 'phe-OH': 0, 'O-': 0, 'ring-O-': 0, '>C=O': 0, 'ring>C=O': 6, 'O=CH-': 0, 'COOH': 0, 'COO-': 0, 'O=': 0, 'NH2-': 0, '>NH': 0, 'ring>NH': 0, '>N-': 0, 'N=': 0, 'ring-N=': 5, 'NH=': 0, 'NO2-': 0, 'ring-S-': 0}",1.177289729900536,1.0831927578063094,0.04670452847108056,26.53579146971025,600.9593666182458,21.411199999999997,-46.583499999999994,13.3612,1.2306999999999997,1170.04,1382.7146487699874,0.1053,0.25529490145636047,9.39101966230262,372.9620109568344,20.0,5,cyclic,51
"{'CHNH2': 2, 'SO2': 1, 'CH2O': 8}","{'CH3-': 0, 'CH2-': 8, '>CH-': 2, '>C<': 0, 'CH2=': 0, 'CH=': 0, '>C=': 0, 'C==': 0, 'ring-CH2-': 0, 'ring>CH-': 0, 'ring>C<': 0, 'ring=CH-': 0, 'ring=C<': 0, 'Br-': 0, 'alc-OH': 0, 'phe-OH': 0, 'O-': 8, 'ring-O-': 0, '>C=O': 0, 'ring>C=O': 0, 'O=CH-': 0, 'COOH': 0, 'COO-': 0, 'O=': 2, 'NH2-': 2, '>NH': 0, 'ring>NH': 0, '>N-': 0, 'N=': 0, 'ring-N=': 0, 'NH=': 0, 'NO2-': 0, 'ring-S-': 1}",1.7963860060767498,1.0664051897085802,0.047658081857521406,6.099106955608577,1815.7329879072113,20.982799999999997,2.2683999999999997,13.666300000000001,12.0549,781.6400000000001,807.8235818466031,0.12349999999999998,0.43697659728263644,50.16593580802531,511.4637783669344,11.0,3,acyclic,53
"{'O (cyclic)': 1, 'CH2 (cyclic)': 8}","{'CH3-': 0, 'CH2-': 0, '>CH-': 0, '>C<': 0, 'CH2=': 0, 'CH=': 0, '>C=': 0, 'C==': 0, 'ring-CH2-': 8, 'ring>CH-': 0, 'ring>C<': 0, 'ring=CH-': 0, 'ring=C<': 0, 'Br-': 0, 'alc-OH': 0, 'phe-OH': 0, 'O-': 0, 'ring-O-': 1, '>C=O': 0, 'ring>C=O': 0, 'O=CH-': 0, 'COOH': 0, 'COO-': 0, 'O=': 0, 'NH2-': 0, '>NH': 0, 'ring>NH': 0, '>N-': 0, 'N=': 0, 'ring-N=': 0, 'NH=': 0, 'NO2-': 0, 'ring-S-': 0}",1.0396102324128842,1.0273380035617372,0.047929677577058946,4.2372526964723125,150.87544271473496,20.863899999999997,25.4563,7.2741999999999996,7.7292000000000005,446.62,665.9439922344806,0.117,0.5300746070484975,3.209307948930576,226.26007349943444,9.0,2,cyclic,54
"{'NH (cyclic)': 7, 'CH (cyclic)': 6}","{'CH3-': 0, 'CH2-': 0, '>CH-': 0, '>C<': 0, 'CH2=': 0, 'CH=': 0, '>C=': 0, 'C==': 0, 'ring-CH2-': 0, 'ring>CH-': 6, 'ring>C<': 0, 'ring=CH-': 0, 'ring=C<': 0, 'Br-': 0, 'alc-OH': 0, 'phe-OH': 0, 'O-': 0, 'ring-O-': 0, '>C=O': 0, 'ring>C=O': 0, 'O=CH-': 0, 'COOH': 0, 'COO-': 0, 'O=': 0, 'NH2-': 0, '>NH': 0, 'ring>NH': 7, '>N-': 0, 'N=': 0, 'ring-N=': 0, 'NH=': 0, 'NO2-': 0, 'ring-S-': 0}",1.2101910033736016,1.0605531969964932,0.04809125797112601,3.7347011797151195,246.19756679028748,20.793799999999997,12.426999999999996,-1.4351999999999983,20.7604,698.62,940.9619194750375,0.0724,0.37514801895164757,4.740759450134364,250.79389889923434,13.0,2,cyclic,55
"{'CO (cyclic)': 3, 'CH2 (cyclic)': 6, 'NH (cyclic)': 2, 'CH (cyclic)': 5, 'N (cyclic)': 4, 'O (cyclic)': 3}","{'CH3-': 0, 'CH2-': 0, '>CH-': 0, '>C<': 0, 'CH2=': 0, 'CH=': 0, '>C=': 0, 'C==': 0, 'ring-CH2-': 6, 'ring>CH-': 5, 'ring>C<': 0, 'ring=CH-': 0, 'ring=C<': 0, 'Br-': 0, 'alc-OH': 0, 'phe-OH': 0, 'O-': 0, 'ring-O-': 3, '>C=O': 0, 'ring>C=O': 3, 'O=CH-': 0, 'COOH': 0, 'COO-': 0, 'O=': 0, 'NH2-': 0, '>NH': 0, 'ring>NH': 2, '>N-': 0, 'N=': 0, 'ring-N=': 4, 'NH=': 0, 'NO2-': 0, 'ring-S-': 0}",1.2059856864122247,1.1004073182045546,0.04781211750305998,4.6251270550862005,723.7127363160616,20.9152,18.171699999999998,18.8382,21.9273,1184.4099999999999,1362.5591599233364,0.09359999999999999,0.25907131989767057,11.375768313405574,471.6335182488343,23.0,6,cyclic,56
"{'C (cyclic)': 5, 'N (cyclic)': 1, 'CH2 (cyclic)': 4}","{'CH3-': 0, 'CH2-': 0, '>CH-': 0, '>C<': 0, 'CH2=': 0, 'CH=': 0, '>C=': 0, 'C==': 0, 'ring-CH2-': 4, 'ring>CH-': 0, 'ring>C<': 0, 'ring=CH-': 0, 'ring=C<': 0, 'Br-': 0, 'alc-OH': 0, 'phe-OH': 0, 'O-': 0, 'ring-O-': 0, '>C=O': 0, 'ring>C=O': 0, 'O=CH-': 0, 'COOH': 0, 'COO-': 0, 'O=': 0, 'NH2-': 0, '>NH': 0, 'ring>NH': 0, '>N-': 0, 'N=': 0, 'ring-N=': 1, 'NH=': 0, 'NO2-': 0, 'ring-S-': 0}",1.0235062537032984,1.0084286773934543,0.046520066430654865,25.71594318676764,104.63672621565844,21.4961,-43.62069999999999,-11.6796,-11.3769,364.34999999999997,577.5975840298668,0.1114,0.6111521407986825,2.618306751578783,135.13290855363442,10.0,3,cyclic,57
"{'O (cyclic)': 4, 'CH2 (cyclic)': 2, 'CH (cyclic)': 6, 'CO (cyclic)': 2, 'N (cyclic)': 5, 'NH (cyclic)': 3}","{'CH3-': 0, 'CH2-': 0, '>CH-': 0, '>C<': 0, 'CH2=': 0, 'CH=': 0, '>C=': 0, 'C==': 0, 'ring-CH2-': 2, 'ring>CH-': 6, 'ring>C<': 0, 'ring=CH-': 0, 'ring=C<': 0, 'Br-': 0, 'alc-OH': 0, 'phe-OH': 0, 'O-': 0, 'ring-O-': 4, '>C=O': 0, 'ring>C=O': 2, 'O=CH-': 0, 'COOH': 0, 'COO-': 0, 'O=': 0, 'NH2-': 0, '>NH': 0, 'ring>NH': 3, '>N-': 0, 'N=': 0, 'ring-N=': 5, 'NH=': 0, 'NO2-': 0, 'ring-S-': 0}",1.2087590830981576,1.0960944297999449,0.0479563405475655,5.52745219878641,596.5269126050747,20.8523,5.941599999999999,12.1612,21.7158,1144.21,1353.733411971125,0.07900000000000001,0.2607603512467117,9.316324024279366,411.41573898883433,22.0,6,cyclic,58
"{'NH2 except as above': 2, 'CH3N': 5, 'SO2': 3, 'CH3NH': 2, 'CH3O': 4, 'CH2NH': 4}","{'CH3-': 11, 'CH2-': 4, '>CH-': 0, '>C<': 0, 'CH2=': 0, 'CH=': 0, '>C=': 0, 'C==': 0, 'ring-CH2-': 0, 'ring>CH-': 0, 'ring>C<': 0, 'ring=CH-': 0, 'ring=C<': 0, 'Br-': 0, 'alc-OH': 0, 'phe-OH': 0, 'O-': 4, 'ring-O-': 0, '>C=O': 0, 'ring>C=O': 0, 'O=CH-': 0, 'COOH': 0, 'COO-': 0, 'O=': 6, 'NH2-': 2, '>NH': 6, 'ring>NH': 0, '>N-': 5, 'N=': 0, 'ring-N=': 0, 'NH=': 0, 'NO2-': 0, 'ring-S-': 3}",1.424432044737852,1.1753237964809835,0.047118025943185086,28.26124586894101,31.16381230468834,21.2233,71.0096,50.8975,63.0196,1238.26,983.5129376676655,0.07050000000000001,0.35891749511411175,-5.5703761009792085,1043.0823169442342,20.0,6,acyclic,59
"{'aCH': 0.6666666666666666, 'aN in aromatic ring': 0.6666666666666666, 'aC-CH3': 7, 'aC-CH2': 0.6666666666666666, 'aC-OH': 0.6666666666666666, 'aC-COOH': 2, 'aC-NH2': 0.6666666666666666, 'aC-NH': 0.6666666666666666, 'aC-Br': 0.6666666666666666, 'C (cyclic)': 1, 'NH2 except as above': 4, 'NH (cyclic)': 8, 'CO (cyclic)': 5}","{'CH3-': 7.0, 'CH2-': 0.6666666666666666, '>CH-': 0.0, '>C<': 0.0, 'CH2=': 0.0, 'CH=': 0.0, '>C=': 0.0, 'C==': 0.0, 'ring-CH2-': 0.0, 'ring>CH-': 0.0, 'ring>C<': 0.0, 'ring=CH-': 0.6666666666666666, 'ring=C<': 12.333333333333334, 'Br-': 0.6666666666666666, 'alc-OH': 0.0, 'phe-OH': 0.6666666666666666, 'O-': 0.0, 'ring-O-': 0.0, '>C=O': 0.0, 'ring>C=O': 5.0, 'O=CH-': 0.0, 'COOH': 2.0, 'COO-': 0.0, 'O=': 0.0, 'NH2-': 4.666666666666667, '>NH': 0.6666666666666666, 'ring>NH': 8.0, '>N-': 0.0, 'N=': 0.0, 'ring-N=': 0.6666666666666666, 'NH=': 0.0, 'NO2-': 0.0, 'ring-S-': 0.0}",2.1693655525738693,1.2690637946015602,0.04675110955966688,50.03527043108055,61.219755431450444,21.389866666666666,118.1571,72.8863,98.8036,2523.4,1783.5728095500851,0.05066666666666664,0.1979173477583155,-2.7948369871790364,1038.8253544283343,31.666666666666668,13,aromatic,61
"{'aCH': 0.6666666666666666, 'aN in aromatic ring': 0.6666666666666666, 'aC-CH3': 0.6666666666666666, 'aC-CH2': 0.6666666666666666, 'aC-OH': 5, 'aC-COOH': 0.6666666666666666, 'aC-NH2': 0.6666666666666666, 'aC-NH': 0.6666666666666666, 'aC-Br': 0.6666666666666666, 'CH3': 4, 'CH3O': 3, 'CH3N': 7, 'O (cyclic)': 5}","{'CH3-': 14.666666666666666, 'CH2-': 0.6666666666666666, '>CH-': 0.0, '>C<': 0.0, 'CH2=': 0.0, 'CH=': 0.0, '>C=': 0.0, 'C==': 0.0, 'ring-CH2-': 0.0, 'ring>CH-': 0.0, 'ring>C<': 0.0, 'ring=CH-': 0.6666666666666666, 'ring=C<': 9.0, 'Br-': 0.6666666666666666, 'alc-OH': 0.0, 'phe-OH': 5.0, 'O-': 3.0, 'ring-O-': 5.0, '>C=O': 0.0, 'ring>C=O': 0.0, 'O=CH-': 0.0, 'COOH': 0.6666666666666666, 'COO-': 0.0, 'O=': 0.0, 'NH2-': 0.6666666666666666, '>NH': 0.6666666666666666, 'ring>NH': 0.0, '>N-': 7.0, 'N=': 0.0, 'ring-N=': 0.6666666666666666, 'NH=': 0.0, 'NO2-': 0.0, 'ring-S-': 0.0}",1.5591344779816403,1.1916127592177184,0.04690908238016684,42.24420478849095,95.60814723768466,21.317833333333333,100.99016666666667,40.788199999999996,100.60913333333333,1821.3766666666668,1348.5725314355047,0.07863333333333333,0.2617582605099073,-3.63935585493017,1188.6196242960343,29.333333333333332,13,aromatic,62
"{'aCH': 0.6666666666666666, 'aN in aromatic ring': 0.6666666666666666, 'aC-CH3': 0.6666666666666666, 'aC-CH2': 0.6666666666666666, 'aC-OH': 0.6666666666666666, 'aC-COOH': 0.6666666666666666, 'aC-NH2': 1, 'aC-NH': 0.6666666666666666, 'aC-Br': 1, 'CHNH2': 7, 'CH (cyclic)': 8, 'SO': 7, 'OCH2CH2OH': 4}","{'CH3-': 0.6666666666666666, 'CH2-': 8.666666666666666, '>CH-': 7.0, '>C<': 0.0, 'CH2=': 0.0, 'CH=': 0.0, '>C=': 0.0, 'C==': 0.0, 'ring-CH2-': 0.0, 'ring>CH-': 8.0, 'ring>C<': 0.0, 'ring=CH-': 0.6666666666666666, 'ring=C<': 5.333333333333333, 'Br-': 1.0, 'alc-OH': 4.0, 'phe-OH': 0.6666666666666666, 'O-': 4.0, 'ring-O-': 0.0, '>C=O': 0.0, 'ring>C=O': 0.0, 'O=CH-': 0.0, 'COOH': 0.6666666666666666, 'COO-': 0.0, 'O=': 7.0, 'NH2-': 8.0, '>NH': 0.6666666666666666, 'ring>NH': 0.0, '>N-': 0.0, 'N=': 0.0, 'ring-N=': 0.6666666666666666, 'NH=': 0.0, 'NO2-': 0.0, 'ring-S-': 7.0}",9.441749744904978,1.362418323312841,0.04683460515305549,23.744141354307537,279.73833874368626,21.351733333333332,26.612866666666665,57.82609999999999,101.71326666666667,2562.373333333333,1434.3088141630697,0.01870000000000005,0.2461115741005735,-0.9280647689338927,1371.4152051631675,32.666666666666664,13,aromatic,63
"{'OCH2CH2OH': 7, 'CH2N': 3, 'CH2': 7, 'CH3N': 2, 'CH2O': 4, '-O-': 1}","{'CH3-': 2, 'CH2-': 28, '>CH-': 0, '>C<': 0, 'CH2=': 0, 'CH=': 0, '>C=': 0, 'C==': 0, 'ring-CH2-': 0, 'ring>CH-': 0, 'ring>C<': 0, 'ring=CH-': 0, 'ring=C<': 0, 'Br-': 0, 'alc-OH': 7, 'phe-OH': 0, 'O-': 12, 'ring-O-': 0, '>C=O': 0, 'ring>C=O': 0, 'O=CH-': 0, 'COOH': 0, 'COO-': 0, 'O=': 0, 'NH2-': 0, '>NH': 0, 'ring>NH': 0, '>N-': 5, 'N=': 0, 'ring-N=': 0, 'NH=': 0, 'NO2-': 0, 'ring-S-': 0}",1.172531313609034,1.1717842802295828,0.04683051101453619,15.612043077968902,269.9952176597264,21.3536,38.613699999999994,34.6624,54.765000000000015,1863.9,981.7631917021812,0.1548,0.35955717527764364,-0.756774351885426,1238.7366389294343,24.0,6,acyclic,64
"{'aCH': 0.6666666666666666, 'aN in aromatic ring': 6, 'aC-CH3': 0.6666666666666666, 'aC-CH2': 0.6666666666666666, 'aC-OH': 0.6666666666666666, 'aC-COOH': 0.6666666666666666, 'aC-NH2': 0.6666666666666666, 'aC-NH': 0.6666666666666666, 'aC-Br': 0.6666666666666666, 'C (cyclic)': 4, 'CH2N': 3, 'CH2NH2': 1}","{'CH3-': 0.6666666666666666, 'CH2-': 4.666666666666667, '>CH-': 0.0, '>C<': 0.0, 'CH2=': 0.0, 'CH=': 0.0, '>C=': 0.0, 'C==': 0.0, 'ring-CH2-': 0.0, 'ring>CH-': 0.0, 'ring>C<': 0.0, 'ring=CH-': 0.6666666666666666, 'ring=C<': 4.666666666666666, 'Br-': 0.6666666666666666, 'alc-OH': 0.0, 'phe-OH': 0.6666666666666666, 'O-': 0.0, 'ring-O-': 0.0, '>C=O': 0.0, 'ring>C=O': 0.0, 'O=CH-': 0.0, 'COOH': 0.6666666666666666, 'COO-': 0.0, 'O=': 0.0, 'NH2-': 1.6666666666666665, '>NH': 0.6666666666666666, 'ring>NH': 0.0, '>N-': 3.0, 'N=': 0.0, 'ring-N=': 6.0, 'NH=': 0.0, 'NO2-': 0.0, 'ring-S-': 0.0}",1.2720771006264175,1.0823284563147573,0.04643107539013711,17.706964738240305,3963.9531389719345,21.5373,-24.40403333333333,27.20323333333333,12.171066666666666,1227.4366666666667,1253.8396030818294,0.07383333333333336,0.28153521322213504,77.62604758460226,492.3667358988344,19.333333333333332,12,aromatic,67
"{'CH3NH': 5, 'OCH2CH2OH': 6, 'CH2O': 4, 'OH': 2}","{'CH3-': 5, 'CH2-': 16, '>CH-': 0, '>C<': 0, 'CH2=': 0, 'CH=': 0, '>C=': 0, 'C==': 0, 'ring-CH2-': 0, 'ring>CH-': 0, 'ring>C<': 0, 'ring=CH-': 0, 'ring=C<': 0, 'Br-': 0, 'alc-OH': 8, 'phe-OH': 0, 'O-': 10, 'ring-O-': 0, '>C=O': 0, 'ring>C=O': 0, 'O=CH-': 0, 'COOH': 0, 'COO-': 0, 'O=': 0, 'NH2-': 0, '>NH': 5, 'ring>NH': 0, '>N-': 0, 'N=': 0, 'ring-N=': 0, 'NH=': 0, 'NO2-': 0, 'ring-S-': 0}",1.296849068023757,1.1834647480896825,0.04711824795506804,46.999525521997484,219.57075537622163,21.2232,105.25269999999999,59.33089999999999,122.9121,1900.27,1043.8990572184155,0.11670000000000003,0.3381553010887926,-0.8690680392136223,1054.5632772756344,17.0,4,acyclic,68
"{'CH2NH2': 4, 'CH3N': 6, 'CH2O': 1}","{'CH3-': 6, 'CH2-': 5, '>CH-': 0, '>C<': 0, 'CH2=': 0, 'CH=': 0, '>C=': 0, 'C==': 0, 'ring-CH2-': 0, 'ring>CH-': 0, 'ring>C<': 0, 'ring=CH-': 0, 'ring=C<': 0, 'Br-': 0, 'alc-OH': 0, 'phe-OH': 0, 'O-': 1, 'ring-O-': 0, '>C=O': 0, 'ring>C=O': 0, 'O=CH-': 0, 'COOH': 0, 'COO-': 0, 'O=': 0, 'NH2-': 4, '>NH': 0, 'ring>NH': 0, '>N-': 6, 'N=': 0, 'ring-N=': 0, 'NH=': 0, 'NO2-': 0, 'ring-S-': 0}",1.1422048625847239,1.0676549092841845,0.047572607692490665,11.783735146743632,1803.743580299238,21.0205,35.065000000000005,18.8041,42.7692,839.8599999999999,870.5986622680283,0.10110000000000001,0.4054681167099279,45.95402797997539,627.8012046781342,11.0,3,acyclic,71
"{'C': 8, 'CHNH': 8}","{'CH3-': 0, 'CH2-': 0, '>CH-': 8, '>C<': 8, 'CH2=': 0, 'CH=': 0, '>C=': 0, 'C==': 0, 'ring-CH2-': 0, 'ring>CH-': 0, 'ring>C<': 0, 'ring=CH-': 0, 'ring=C<': 0, 'Br-': 0, 'alc-OH': 0, 'phe-OH': 0, 'O-': 0, 'ring-O-': 0, '>C=O': 0, 'ring>C=O': 0, 'O=CH-': 0, 'COOH': 0, 'COO-': 0, 'O=': 0, 'NH2-': 0, '>NH': 8, 'ring>NH': 0, '>N-': 0, 'N=': 0, 'ring-N=': 0, 'NH=': 0, 'NO2-': 0, 'ring-S-': 0}",1.054432732361682,0.998187836221229,0.04792140888942135,88.89238752905483,6411.231590991856,20.8675,-185.4656,-78.9384,-70.116,919.48,928.7001349396812,0.07780000000000002,0.3801011615260799,165.61494723955454,508.1531822036346,16.0,2,acyclic,72
"{'aCH': 0.6666666666666666, 'aN in aromatic ring': 0.6666666666666666, 'aC-CH3': 0.6666666666666666, 'aC-CH2': 0.6666666666666666, 'aC-OH': 0.6666666666666666, 'aC-COOH': 2, 'aC-NH2': 0.6666666666666666, 'aC-NH': 0.6666666666666666, 'aC-Br': 0.6666666666666666, 'OH': 4, 'CH2NH2': 7, 'CH2N': 3, 'CO (cyclic)': 8}","{'CH3-': 0.6666666666666666, 'CH2-': 10.666666666666666, '>CH-': 0.0, '>C<': 0.0, 'CH2=': 0.0, 'CH=': 0.0, '>C=': 0.0, 'C==': 0.0, 'ring-CH2-': 0.0, 'ring>CH-': 0.0, 'ring>C<': 0.0, 'ring=CH-': 0.6666666666666666, 'ring=C<': 6.0, 'Br-': 0.6666666666666666, 'alc-OH': 4.0, 'phe-OH': 0.6666666666666666, 'O-': 0.0, 'ring-O-': 0.0, '>C=O': 0.0, 'ring>C=O': 8.0, 'O=CH-': 0.0, 'COOH': 2.0, 'COO-': 0.0, 'O=': 0.0, 'NH2-': 7.666666666666667, '>NH': 0.6666666666666666, 'ring>NH': 0.0, '>N-': 3.0, 'N=': 0.0, 'ring-N=': 0.6666666666666666, 'NH=': 0.0, 'NO2-': 0.0, 'ring-S-': 0.0}",2.0315728491930694,1.2861637064683946,0.04697901447423437,53.14728138458405,224.89301977306843,21.286099999999998,113.57136666666666,112.08516666666667,117.9524,2895.2433333333333,1598.899696022894,0.03870000000000001,0.22077682601232138,-0.8839196010747586,1153.2409183786344,29.333333333333332,13,aromatic,73
"{'aCH': 0.6666666666666666, 'aN in aromatic ring': 0.6666666666666666, 'aC-CH3': 0.6666666666666666, 'aC-CH2': 2, 'aC-OH': 0.6666666666666666, 'aC-COOH': 0.6666666666666666, 'aC-NH2': 0.6666666666666666, 'aC-NH': 0.6666666666666666, 'aC-Br': 0.6666666666666666, 'C': 6, 'CH2NH2': 1}","{'CH3-': 0.6666666666666666, 'CH2-': 3.0, '>CH-': 0.0, '>C<': 6.0, 'CH2=': 0.0, 'CH=': 0.0, '>C=': 0.0, 'C==': 0.0, 'ring-CH2-': 0.0, 'ring>CH-': 0.0, 'ring>C<': 0.0, 'ring=CH-': 0.6666666666666666, 'ring=C<': 6.0, 'Br-': 0.6666666666666666, 'alc-OH': 0.0, 'phe-OH': 0.6666666666666666, 'O-': 0.0, 'ring-O-': 0.0, '>C=O': 0.0, 'ring>C=O': 0.0, 'O=CH-': 0.0, 'COOH': 0.6666666666666666, 'COO-': 0.0, 'O=': 0.0, 'NH2-': 1.6666666666666665, '>NH': 0.6666666666666666, 'ring>NH': 0.0, '>N-': 0.0, 'N=': 0.0, 'ring-N=': 0.6666666666666666, 'NH=': 0.0, 'NO2-': 0.0, 'ring-S-': 0.0}",1.1661155016689961,1.0482261534078128,0.047808231621320564,42.53327909177623,900.2303196053595,20.9169,-82.12063333333334,-28.36783333333333,-19.46826666666667,997.9966666666667,1093.0182042534395,0.1011666666666667,0.32295893940861525,17.93677373834632,463.30861892246764,14.333333333333332,11,aromatic,74
"{'N (cyclic)': 1, 'C (cyclic)': 8, 'NH (cyclic)': 2, 'CH2 (cyclic)': 3}","{'CH3-': 0, 'CH2-': 0, '>CH-': 0, '>C<': 0, 'CH2=': 0, 'CH=': 0, '>C=': 0, 'C==': 0, 'ring-CH2-': 3, 'ring>CH-': 0, 'ring>C<': 0, 'ring=CH-': 0, 'ring=C<': 0, 'Br-': 0, 'alc-OH': 0, 'phe-OH': 0, 'O-': 0, 'ring-O-': 0, '>C=O': 0, 'ring>C=O': 0, 'O=CH-': 0, 'COOH': 0, 'COO-': 0, 'O=': 0, 'NH2-': 0, '>NH': 0, 'ring>NH': 2, '>N-': 0, 'N=': 0, 'ring-N=': 1, 'NH=': 0, 'NO2-': 0, 'ring-S-': 0}",1.0815029581736717,1.014814393437217,0.04565167769915545,35.67113392540555,121.55653858368044,21.904999999999998,-67.08189999999999,-14.9638,-13.0735,442.84,685.2536006220575,0.09430000000000001,0.515137752913016,2.8301435556748387,141.30890782843437,14.0,4,cyclic,75
"{'O (cyclic)': 2, 'N (cyclic)': 6, 'CO (cyclic)': 4, 'CH (cyclic)': 2}","{'CH3-': 0, 'CH2-': 0, '>CH-': 0, '>C<': 0, 'CH2=': 0, 'CH=': 0, '>C=': 0, 'C==': 0, 'ring-CH2-': 0, 'ring>CH-': 2, 'ring>C<': 0, 'ring=CH-': 0, 'ring=C<': 0, 'Br-': 0, 'alc-OH': 0, 'phe-OH': 0, 'O-': 0, 'ring-O-': 2, '>C=O': 0, 'ring>C=O': 4, 'O=CH-': 0, 'COOH': 0, 'COO-': 0, 'O=': 0, 'NH2-': 0, '>NH': 0, 'ring>NH': 0, '>N-': 0, 'N=': 0, 'ring-N=': 6, 'NH=': 0, 'NO2-': 0, 'ring-S-': 0}",1.1429367221531272,1.0763389562021533,0.04805867002436574,8.960926750114323,389.618317432198,20.8079,-3.3992000000000013,22.4202,11.577,1029.3799999999999,1310.8128241599695,0.0906,0.26929855544113934,6.135688866011352,290.59112808883435,14.0,4,cyclic,82
"{'O (cyclic)': 8, 'CH (cyclic)': 2, 'NH (cyclic)': 1, 'CO (cyclic)': 1, 'N (cyclic)': 1, 'C (cyclic)': 3}","{'CH3-': 0, 'CH2-': 0, '>CH-': 0, '>C<': 0, 'CH2=': 0, 'CH=': 0, '>C=': 0, 'C==': 0, 'ring-CH2-': 0, 'ring>CH-': 2, 'ring>C<': 0, 'ring=CH-': 0, 'ring=C<': 0, 'Br-': 0, 'alc-OH': 0, 'phe-OH': 0, 'O-': 0, 'ring-O-': 8, '>C=O': 0, 'ring>C=O': 1, 'O=CH-': 0, 'COOH': 0, 'COO-': 0, 'O=': 0, 'NH2-': 0, '>NH': 0, 'ring>NH': 1, '>N-': 0, 'N=': 0, 'ring-N=': 1, 'NH=': 0, 'NO2-': 0, 'ring-S-': 0}",1.1399646271705597,1.049237659991554,0.04717693236714976,7.754385037693911,233.81774560451126,21.1968,0.24039999999999928,19.720699999999997,18.9819,696.8599999999999,952.833471547011,0.09360000000000002,0.3704739710989295,4.4519137307786325,237.5791308730344,16.0,6,cyclic,83
"{'aCH': 0.6666666666666666, 'aN in aromatic ring': 0.6666666666666666, 'aC-CH3': 0.6666666666666666, 'aC-CH2': 5, 'aC-OH': 0.6666666666666666, 'aC-COOH': 0.6666666666666666, 'aC-NH2': 0.6666666666666666, 'aC-NH': 0.6666666666666666, 'aC-Br': 4, 'CH3NH': 1, 'OH': 2, 'NH2 except as above': 6, '-O-': 6}","{'CH3-': 1.6666666666666665, 'CH2-': 5.0, '>CH-': 0.0, '>C<': 0.0, 'CH2=': 0.0, 'CH=': 0.0, '>C=': 0.0, 'C==': 0.0, 'ring-CH2-': 0.0, 'ring>CH-': 0.0, 'ring>C<': 0.0, 'ring=CH-': 0.6666666666666666, 'ring=C<': 12.333333333333334, 'Br-': 4.0, 'alc-OH': 2.0, 'phe-OH': 0.6666666666666666, 'O-': 6.0, 'ring-O-': 0.0, '>C=O': 0.0, 'ring>C=O': 0.0, 'O=CH-': 0.0, 'COOH': 0.6666666666666666, 'COO-': 0.0, 'O=': 0.0, 'NH2-': 6.666666666666667, '>NH': 1.6666666666666665, 'ring>NH': 0.0, '>N-': 0.0, 'N=': 0.0, 'ring-N=': 0.6666666666666666, 'NH=': 0.0, 'NO2-': 0.0, 'ring-S-': 0.0}",1.5742269961640185,1.2186901925419489,0.04711491799648523,32.24648861838031,70.07543623861118,21.2247,75.99243333333332,23.09843333333334,95.58106666666666,2113.7,1467.3030973236312,0.07663333333333333,0.24057742442163035,-2.533534567301581,881.8396586808011,28.666666666666668,13,aromatic,84
"{'CO (cyclic)': 6, 'NH (cyclic)': 5, 'N (cyclic)': 7, 'CH2 (cyclic)': 5, 'C (cyclic)': 7}","{'CH3-': 0, 'CH2-': 0, '>CH-': 0, '>C<': 0, 'CH2=': 0, 'CH=': 0, '>C=': 0, 'C==': 0, 'ring-CH2-': 5, 'ring>CH-': 0, 'ring>C<': 0, 'ring=CH-': 0, 'ring=C<': 0, 'Br-': 0, 'alc-OH': 0, 'phe-OH': 0, 'O-': 0, 'ring-O-': 0, '>C=O': 0, 'ring>C=O': 6, 'O=CH-': 0, 'COOH': 0, 'COO-': 0, 'O=': 0, 'NH2-': 0, '>NH': 0, 'ring>NH': 5, '>N-': 0, 'N=': 0, 'ring-N=': 7, 'NH=': 0, 'NO2-': 0, 'ring-S-': 0}",1.3940968719487523,1.1319066299356475,0.04568212549793517,21.70721573216877,1355.2570196108143,21.8904,-33.4886,31.8448,13.556999999999999,1570.72,1713.210267787269,0.047099999999999975,0.20604592830039725,18.795421097504626,479.0603955716344,30.0,5,cyclic,85
"{'CH (cyclic)': 1, 'CH2 (cyclic)': 8, 'NH (cyclic)': 6, 'N (cyclic)': 6, 'CO (cyclic)': 1}","{'CH3-': 0, 'CH2-': 0, '>CH-': 0, '>C<': 0, 'CH2=': 0, 'CH=': 0, '>C=': 0, 'C==': 0, 'ring-CH2-': 8, 'ring>CH-': 1, 'ring>C<': 0, 'ring=CH-': 0, 'ring=C<': 0, 'Br-': 0, 'alc-OH': 0, 'phe-OH': 0, 'O-': 0, 'ring-O-': 0, '>C=O': 0, 'ring>C=O': 1, 'O=CH-': 0, 'COOH': 0, 'COO-': 0, 'O=': 0, 'NH2-': 0, '>NH': 0, 'ring>NH': 6, '>N-': 0, 'N=': 0, 'ring-N=': 6, 'NH=': 0, 'NO2-': 0, 'ring-S-': 0}",1.2756718803249323,1.1081746654603426,0.04782172062550811,8.429817795733316,554.8685617834067,20.910999999999998,31.913599999999995,18.959,23.573900000000002,1194.37,1447.959906117857,0.04619999999999999,0.24379128075889384,7.996677434001514,418.1759344298344,22.0,5,cyclic,86
"{'-O-': 2, 'CH2NH2': 3, 'CH2': 4, 'CHNH': 1}","{'CH3-': 0, 'CH2-': 7, '>CH-': 1, '>C<': 0, 'CH2=': 0, 'CH=': 0, '>C=': 0, 'C==': 0, 'ring-CH2-': 0, 'ring>CH-': 0, 'ring>C<': 0, 'ring=CH-': 0, 'ring=C<': 0, 'Br-': 0, 'alc-OH': 0, 'phe-OH': 0, 'O-': 2, 'ring-O-': 0, '>C=O': 0, 'ring>C=O': 0, 'O=CH-': 0, 'COOH': 0, 'COO-': 0, 'O=': 0, 'NH2-': 3, '>NH': 1, 'ring>NH': 0, '>N-': 0, 'N=': 0, 'ring-N=': 0, 'NH=': 0, 'NO2-': 0, 'ring-S-': 0}",1.101445416940058,1.0501308754100986,0.047805946103576365,2.5626638260740595,444.4583946599899,20.9179,15.650200000000002,3.9942999999999977,17.7836,694.8,809.096631034818,0.1124,0.4362890493667243,10.39544059231894,374.7503413374344,10.0,4,acyclic,87
"{'aCH': 0.6666666666666666, 'aN in aromatic ring': 0.6666666666666666, 'aC-CH3': 0.6666666666666666, 'aC-CH2': 8, 'aC-OH': 0.6666666666666666, 'aC-COOH': 0.6666666666666666, 'aC-NH2': 0.6666666666666666, 'aC-NH': 0.6666666666666666, 'aC-Br': 2, 'CHNH2': 3, 'CH3': 8, 'SO': 5}","{'CH3-': 8.666666666666666, 'CH2-': 8.0, '>CH-': 3.0, '>C<': 0.0, 'CH2=': 0.0, 'CH=': 0.0, '>C=': 0.0, 'C==': 0.0, 'ring-CH2-': 0.0, 'ring>CH-': 0.0, 'ring>C<': 0.0, 'ring=CH-': 0.6666666666666666, 'ring=C<': 13.333333333333334, 'Br-': 2.0, 'alc-OH': 0.0, 'phe-OH': 0.6666666666666666, 'O-': 0.0, 'ring-O-': 0.0, '>C=O': 0.0, 'ring>C=O': 0.0, 'O=CH-': 0.0, 'COOH': 0.6666666666666666, 'COO-': 0.0, 'O=': 5.0, 'NH2-': 3.6666666666666665, '>NH': 0.6666666666666666, 'ring>NH': 0.0, '>N-': 0.0, 'N=': 0.0, 'ring-N=': 0.6666666666666666, 'NH=': 0.0, 'NO2-': 0.0, 'ring-S-': 5.0}",3.139508138975889,1.260973983391935,0.046721985497495705,16.432539850417722,107.80433248215991,21.4032,47.24713333333333,32.19883333333333,40.86886666666667,1927.77,1412.1124330897123,0.11743333333333336,0.2499800948764635,-3.424240616566515,1224.498014698001,30.666666666666668,12,aromatic,88
"{'aCH': 0.6666666666666666, 'aN in aromatic ring': 0.6666666666666666, 'aC-CH3': 0.6666666666666666, 'aC-CH2': 0.6666666666666666, 'aC-OH': 0.6666666666666666, 'aC-COOH': 0.6666666666666666, 'aC-NH2': 0.6666666666666666, 'aC-NH': 0.6666666666666666, 'aC-Br': 0.6666666666666666, 'C (cyclic)': 2, 'OCH2CH2OH': 3, 'CH3NH': 4, 'C': 1}","{'CH3-': 4.666666666666667, 'CH2-': 6.666666666666667, '>CH-': 0.0, '>C<': 1.0, 'CH2=': 0.0, 'CH=': 0.0, '>C=': 0.0, 'C==': 0.0, 'ring-CH2-': 0.0, 'ring>CH-': 0.0, 'ring>C<': 0.0, 'ring=CH-': 0.6666666666666666, 'ring=C<': 4.666666666666666, 'Br-': 0.6666666666666666, 'alc-OH': 3.0, 'phe-OH': 0.6666666666666666, 'O-': 3.0, 'ring-O-': 0.0, '>C=O': 0.0, 'ring>C=O': 0.0, 'O=CH-': 0.0, 'COOH': 0.6666666666666666, 'COO-': 0.0, 'O=': 0.0, 'NH2-': 0.6666666666666666, '>NH': 4.666666666666667, 'ring>NH': 0.0, '>N-': 0.0, 'N=': 0.0, 'ring-N=': 0.6666666666666666, 'NH=': 0.0, 'NO2-': 0.0, 'ring-S-': 0.0}",1.3144826683185156,1.130436533312873,0.04676619552322799,14.171028037659534,12.513379986389635,21.382966666666665,30.013266666666663,19.92973333333333,64.0077,1516.9633333333334,1134.4202027896793,0.10360000000000001,0.31117217335510194,-3.859699128625413,766.2284721376343,16.0,13,aromatic,89
"{'aCH': 2, 'aN in aromatic ring': 0.6666666666666666, 'aC-CH3': 0.6666666666666666, 'aC-CH2': 0.6666666666666666, 'aC-OH': 0.6666666666666666, 'aC-COOH': 7, 'aC-NH2': 0.6666666666666666, 'aC-NH': 0.6666666666666666, 'aC-Br': 0.6666666666666666, 'CH': 2}","{'CH3-': 0.6666666666666666, 'CH2-': 0.6666666666666666, '>CH-': 2.0, '>C<': 0.0, 'CH2=': 0.0, 'CH=': 0.0, '>C=': 0.0, 'C==': 0.0, 'ring-CH2-': 0.0, 'ring>CH-': 0.0, 'ring>C<': 0.0, 'ring=CH-': 2.0, 'ring=C<': 11.0, 'Br-': 0.6666666666666666, 'alc-OH': 0.0, 'phe-OH': 0.6666666666666666, 'O-': 0.0, 'ring-O-': 0.0, '>C=O': 0.0, 'ring>C=O': 0.0, 'O=CH-': 0.0, 'COOH': 7.0, 'COO-': 0.0, 'O=': 0.0, 'NH2-': 0.6666666666666666, '>NH': 0.6666666666666666, 'ring>NH': 0.0, '>N-': 0.0, 'N=': 0.0, 'ring-N=': 0.6666666666666666, 'NH=': 0.0, 'NO2-': 0.0, 'ring-S-': 0.0}",2.148562815187461,1.1864816921216554,0.047159356180469424,7.701700062164385,0.17670513339214752,21.2047,18.886333333333333,3.9148999999999994,41.373066666666666,2066.9533333333334,1473.3443628752557,0.09670000000000002,0.23959096657560403,-2.932873376095587,687.256235952201,15.666666666666666,10,aromatic,90
"{'CH3NH': 3, '-O-': 2}","{'CH3-': 3, 'CH2-': 0, '>CH-': 0, '>C<': 0, 'CH2=': 0, 'CH=': 0, '>C=': 0, 'C==': 0, 'ring-CH2-': 0, 'ring>CH-': 0, 'ring>C<': 0, 'ring=CH-': 0, 'ring=C<': 0, 'Br-': 0, 'alc-OH': 0, 'phe-OH': 0, 'O-': 2, 'ring-O-': 0, '>C=O': 0, 'ring>C=O': 0, 'O=CH-': 0, 'COOH': 0, 'COO-': 0, 'O=': 0, 'NH2-': 0, '>NH': 3, 'ring>NH': 0, '>N-': 0, 'N=': 0, 'ring-N=': 0, 'NH=': 0, 'NO2-': 0, 'ring-S-': 0}",1.0687824952369651,1.0342084268182479,0.04798832923832924,4.469466470458953,192.6034635757443,20.8384,21.7907,1.2184999999999997,22.2961,464.28999999999996,625.1834656081094,0.1161,0.5646342544530358,4.748924476019301,243.47720472363443,5.0,2,acyclic,91
"{'N (cyclic)': 8, 'CO (cyclic)': 4, 'CH (cyclic)': 1}","{'CH3-': 0, 'CH2-': 0, '>CH-': 0, '>C<': 0, 'CH2=': 0, 'CH=': 0, '>C=': 0, 'C==': 0, 'ring-CH2-': 0, 'ring>CH-': 1, 'ring>C<': 0, 'ring=CH-': 0, 'ring=C<': 0, 'Br-': 0, 'alc-OH': 0, 'phe-OH': 0, 'O-': 0, 'ring-O-': 0, '>C=O': 0, 'ring>C=O': 4, 'O=CH-': 0, 'COOH': 0, 'COO-': 0, 'O=': 0, 'NH2-': 0, '>NH': 0, 'ring>NH': 0, '>N-': 0, 'N=': 0, 'ring-N=': 8, 'NH=': 0, 'NO2-': 0, 'ring-S-': 0}",1.131564131140112,1.0764167860723428,0.04807368734796697,13.004032336111822,370.0365620355074,20.801399999999997,-14.279499999999999,18.0043,5.1381,1060.26,1375.1447763149192,0.08220000000000001,0.25670024427970495,5.6142978504251175,267.4639501444344,13.0,3,cyclic,94
"{'C (cyclic)': 2, 'CH2 (cyclic)': 2, 'CH (cyclic)': 2}","{'CH3-': 0, 'CH2-': 0, '>CH-': 0, '>C<': 0, 'CH2=': 0, 'CH=': 0, '>C=': 0, 'C==': 0, 'ring-CH2-': 2, 'ring>CH-': 2, 'ring>C<': 0, 'ring=CH-': 0, 'ring=C<': 0, 'Br-': 0, 'alc-OH': 0, 'phe-OH': 0, 'O-': 0, 'ring-O-': 0, '>C=O': 0, 'ring>C=O': 0, 'O=CH-': 0, 'COOH': 0, 'COO-': 0, 'O=': 0, 'NH2-': 0, '>NH': 0, 'ring>NH': 0, '>N-': 0, 'N=': 0, 'ring-N=': 0, 'NH=': 0, 'NO2-': 0, 'ring-S-': 0}",1.0074349774395828,1.0061259906676965,0.0474917245669942,16.71467346856367,92.28882372637224,21.0563,-22.4878,-10.6326,-5.068199999999999,296.06,472.3010117317491,0.12,0.7474047085050328,2.5671122528921715,117.7131683572344,6.0,3,cyclic,98
"{'CH3O': 8, 'CH2O': 1, 'CH2NH': 1}","{'CH3-': 8, 'CH2-': 2, '>CH-': 0, '>C<': 0, 'CH2=': 0, 'CH=': 0, '>C=': 0, 'C==': 0, 'ring-CH2-': 0, 'ring>CH-': 0, 'ring>C<': 0, 'ring=CH-': 0, 'ring=C<': 0, 'Br-': 0, 'alc-OH': 0, 'phe-OH': 0, 'O-': 9, 'ring-O-': 0, '>C=O': 0, 'ring>C=O': 0, 'O=CH-': 0, 'COOH': 0, 'COO-': 0, 'O=': 0, 'NH2-': 0, '>NH': 1, 'ring>NH': 0, '>N-': 0, 'N=': 0, 'ring-N=': 0, 'NH=': 0, 'NO2-': 0, 'ring-S-': 0}",1.111043967514973,1.062828909180614,0.04760521943625899,20.50323134643759,650.2377322858882,21.0061,61.246500000000005,25.520999999999997,29.0141,684.55,757.4931849957592,0.1654,0.46601079322182454,16.065323683257567,558.1426808615345,10.0,3,acyclic,99
